technology,adoption_level_percent,maturity_stage,investment_growth_yoy_percent,required_skills,emerging_job_roles,num_job_roles,market_size_india_cr,projected_market_5yr_cr,training_availability,avg_training_cost_inr,government_initiatives,industry_partnerships,research_institutions_involved,skill_gap_severity,recommended_training_priority,last_updated
Artificial Intelligence & ML,78.22,Mature,10.63,Python; TensorFlow; PyTorch; Data Science; NLP; Computer Vision; Deep Learning; MLOps,ML Engineer; Data Scientist; AI Researcher; ML Ops Engineer; AI Product Manager,5,18372.67,34740.38,Medium,103414,Yes - Multiple,10,43,High,Immediate,2026-09-05
Cloud Computing,84.3,Growth,10.96,AWS; Azure; GCP; Docker; Kubernetes; Serverless; Cloud Security; DevOps,Cloud Architect; Cloud Engineer; DevOps Engineer; SRE; Cloud Security Specialist,5,43144.85,163289.33,Medium,94352,None,69,27,Medium,Immediate,2026-09-05
Internet of Things (IoT),34.13,Emerging,37.41,Embedded Systems; Sensors; MQTT; Edge Computing; IoT Security; Data Analytics; Microcontrollers,IoT Developer; Embedded Engineer; IoT Architect; Sensor Engineer; IoT Security Analyst,5,14675.87,47969.35,Low,178101,None,63,12,Low,Monitor,2026-09-05
Blockchain & Web3,42.69,Emerging,25.29,Solidity; Smart Contracts; Cryptography; DeFi; NFT; Web3.js; Distributed Systems,Blockchain Developer; Smart Contract Developer; Web3 Developer; Crypto Analyst; Blockchain Architect,5,23806.79,44691.39,Medium,101798,Planned,51,36,Medium,High,2026-09-05
Cybersecurity,85.41,Mature,16.54,Network Security; Penetration Testing; SIEM; Threat Intelligence; Incident Response; Compliance; Zero Trust,Security Analyst; Penetration Tester; Security Architect; CISO; Security Engineer,5,20866.75,47107.88,Low,141986,Yes - Multiple,25,44,Medium,Monitor,2026-09-05
5G & Telecommunications,31.27,Emerging,19.3,5G NR; Network Slicing; Edge Computing; RF Engineering; Network Optimization; SDN/NFV,5G Engineer; RF Engineer; Network Architect; Telecom Engineer; 5G Solutions Architect,5,8024.73,14797.98,Medium,171408,Planned,81,7,Medium,Immediate,2026-09-05
Robotics & Automation,37.08,Growth,37.35,ROS; Computer Vision; Motion Planning; Control Systems; PLC Programming; Collaborative Robots,Robotics Engineer; Automation Engineer; RPA Developer; Robot Programmer; Controls Engineer,5,38912.62,79702.68,Medium,132367,Planned,29,15,High,Medium,2026-09-05
Electric Vehicles,32.55,Emerging,49.77,Battery Technology; Power Electronics; EV Charging; BMS; Motor Control; Automotive Electronics,EV Engineer; Battery Engineer; Charging Infrastructure Engineer; EV Designer; Power Electronics Engineer,5,2508.79,8974.4,High,26946,Yes - Multiple,39,48,High,Monitor,2026-09-05
Renewable Energy,48.39,Emerging,12.91,Solar PV; Wind Energy; Energy Storage; Grid Integration; Power Systems; Energy Efficiency,Solar Engineer; Wind Technician; Energy Analyst; Grid Engineer; Sustainability Engineer,5,18092.43,59625.87,Low,135112,Yes - Multiple,75,39,Critical,Monitor,2026-09-05
Biotechnology,43.04,Growth,25.56,Genomics; Bioinformatics; CRISPR; Cell Culture; Molecular Biology; Bioprocessing,Biotech Researcher; Bioinformatician; Lab Technician; Process Engineer; Clinical Research Associate,5,44997.09,116462.91,Medium,188694,Yes - Limited,48,45,Critical,Monitor,2026-09-05
3D Printing,41.26,Emerging,27.16,CAD Design; Additive Manufacturing; Material Science; Slicing Software; Quality Control,3D Printing Technician; Additive Manufacturing Engineer; CAD Designer; Prototyping Specialist,4,9094.1,26830.96,High,128046,Yes - Limited,25,10,Critical,Monitor,2026-09-05
Augmented/Virtual Reality,32.04,Growth,31.86,Unity; Unreal Engine; 3D Modeling; C#; XR Development; Spatial Computing,VR Developer; AR Developer; 3D Artist; XR Designer; Unity Developer,5,37392.06,72550.75,Low,124700,None,84,24,High,Immediate,2026-09-05
Edge Computing,25.68,Emerging,47.24,Edge AI; Fog Computing; IoT; Real-time Processing; Distributed Systems; Low-latency Networks,Edge Engineer; Edge Architect; IoT Developer; Edge Security Specialist,4,28592.19,63553.52,High,76396,None,53,32,Low,Monitor,2026-09-05
Quantum Computing,8.6,Emerging,37.08,Quantum Mechanics; Qiskit; Quantum Algorithms; Linear Algebra; Cryptography; Quantum Programming,Quantum Researcher; Quantum Software Engineer; Quantum Algorithm Developer,3,25554.23,51293.8,Low,78536,Planned,66,4,Medium,Medium,2026-09-05
Green Technology,47.01,Emerging,43.42,Carbon Accounting; Life Cycle Assessment; Circular Economy; Sustainability Reporting; ESG,Sustainability Consultant; Carbon Analyst; ESG Analyst; Green Building Engineer,4,25219.58,64803.96,High,44963,Yes - Multiple,18,20,Medium,Medium,2026-09-05
Smart Manufacturing,44.12,Emerging,16.25,Industry 4.0; IIoT; Predictive Maintenance; Digital Twin; MES; Lean Manufacturing,Smart Factory Engineer; IIoT Specialist; Digital Twin Engineer; Manufacturing Analyst,4,27054.83,68897.35,High,52550,Yes - Multiple,71,49,High,Immediate,2026-09-05
Digital Health,33.73,Growth,10.86,Health Informatics; Telemedicine; Wearables; Health Data Analytics; HIPAA Compliance,Health Tech Developer; Telemedicine Specialist; Health Data Analyst; Digital Health Product Manager,4,46950.79,167625.13,Low,93557,None,94,48,Medium,High,2026-09-05
FinTech,58.39,Emerging,15.68,Payment Systems; Blockchain; API Integration; RegTech; Digital Banking; Risk Analytics,FinTech Developer; Payment Engineer; Risk Analyst; Compliance Engineer; Digital Banking Specialist,5,13056.22,43207.96,High,180267,Yes - Limited,13,28,High,Immediate,2026-09-05
AgriTech,60.34,Emerging,22.33,Precision Agriculture; Drone Technology; IoT Sensors; Crop Analytics; Farm Management Software,AgriTech Engineer; Precision Agriculture Specialist; Drone Operator; Farm Data Analyst,4,504.03,942.75,Low,31155,Yes - Limited,88,24,Low,Immediate,2026-09-05
Space Technology,15.74,Emerging,28.72,Satellite Systems; Propulsion; Orbital Mechanics; Remote Sensing; Spacecraft Design,Aerospace Engineer; Satellite Engineer; Mission Planner; Ground Station Operator,4,36223.65,75348.68,Low,174610,Yes - Multiple,48,15,High,Immediate,2026-09-05
