course_name,taught_skills,in_demand_bundle,alignment_percent,missing_skills,matched_postings,note
Beauty & Wellness,Advanced Treatments; Customer Service; Digital Marketing for Salons; Hair Styling; Makeup Artistry; Skin Care; Spa Therapy; Wellness Coaching,Customer Service; Inventory Management; Communication; Pharmacy Software; Medication Dispensing; Cash Handling; Sales; Problem Solving,12.5,Inventory Management; Communication; Pharmacy Software; Medication Dispensing; Cash Handling; Sales; Problem Solving,376,
Automotive Mechanic,Advanced Diagnostics; Brake Systems; Diagnostics; EV Basics; Electrical Systems; Engine Repair; Hybrid Vehicles; Vehicle Maintenance,Electrical Systems; Mechanical Systems; Safety; Equipment Maintenance; Troubleshooting,20.0,Mechanical Systems; Safety; Equipment Maintenance; Troubleshooting,141,
CNC Operation,Automation Basics; Blueprint Reading; CAD/CAM; CNC Programming; Machine Setup; Precision Measurement; Quality Control Software; Safety,Safety; Blueprint Reading; Arc Welding; Mechanical Systems; MIG Welding; Equipment Maintenance; Electrical Systems; Troubleshooting,25.0,Arc Welding; Mechanical Systems; MIG Welding; Equipment Maintenance; Electrical Systems; Troubleshooting,523,
Customer Service,Active Listening; CRM Software; Chatbot Management; Communication; Conflict Resolution; Problem Solving; Remote Support Tools; Social Media Support,Communication; Customer Service; CRM; Assessment; Coordination; Documentation; Problem Solving; Zendesk,25.0,Customer Service; CRM; Assessment; Coordination; Documentation; Zendesk,987,
Retail Management,Cash Handling; Customer Service; E-commerce Basics; Inventory Management; Merchandising; Omnichannel Retail; POS Systems; Sales Techniques,Inventory Management; Customer Service; Communication; Logistics; Pharmacy Software; Medication Dispensing; WMS; Sales,25.0,Communication; Logistics; Pharmacy Software; Medication Dispensing; WMS; Sales,685,
Mobile Repair,Component Replacement; Customer Service; Mobile Hardware; Screen Replacement Advanced; Smartphone Diagnostics; Software Flashing; Troubleshooting; Water Damage Repair,Customer Service; Troubleshooting; Inventory Management; Equipment Maintenance; Communication; Pharmacy Software; Mechanical Systems; Medication Dispensing,25.0,Inventory Management; Equipment Maintenance; Communication; Pharmacy Software; Mechanical Systems; Medication Dispensing,645,
Warehouse Management,Automation Systems; Forklift Operation; Inventory Management; RFID Technology; Safety Standards; Supply Chain Analytics; Team Coordination; WMS,Inventory Management; Safety Standards; Logistics; Customer Service; WMS; Team Leadership; Pharmacy Software; Medication Dispensing,37.5,Logistics; Customer Service; Team Leadership; Pharmacy Software; Medication Dispensing,920,
Accounting & GST,Accounting Basics; Cloud Accounting; E-invoicing; Excel; Financial Reporting; GST Filing; GST Portal Advanced; Tally; Taxation,Excel; SQL; Power BI; Taxation; Tally; QuickBooks; Accounting; Financial Reporting,50.0,SQL; Power BI; QuickBooks; Accounting,475,
Data Analytics,Big Data Basics; Data Visualization; Excel; Machine Learning Basics; Pandas; Power BI; Python; SQL; Statistics; Tableau,SQL; Excel; Python; Agile; Power BI; JIRA; JavaScript; REST API,50.0,Agile; JIRA; JavaScript; REST API,1097,
Cloud Computing,AWS; Cloud Security; Docker; Kubernetes; Linux; Networking Basics; Serverless; Terraform; Virtualization,Kubernetes; Linux; AWS; Docker; Azure; Terraform; Networking; CI/CD,62.5,Azure; Networking; CI/CD,311,
Digital Marketing,Content Marketing; Google Analytics; Influencer Marketing; Marketing Automation; SEM; SEO; Social Media Marketing; Video Marketing,SEO; Social Media Marketing; Content Marketing; SEM; Google Analytics; Email Marketing; Content Writing; Copywriting,62.5,Email Marketing; Content Writing; Copywriting,304,
Electrician Training,Circuit Design; EV Charging Infrastructure; Electrical Wiring; Equipment Maintenance; Safety Standards; Smart Home Systems; Solar Installation; Troubleshooting,Safety Standards; Troubleshooting; Equipment Maintenance; Mechanical Systems; Safety; Electrical Systems; Circuit Design; Electrical Wiring,62.5,Mechanical Systems; Safety; Electrical Systems,716,
Welding Technology,Advanced Materials; Arc Welding; Blueprint Reading; MIG Welding; Robotic Welding Basics; Safety Standards; TIG Welding; Weld Inspection,Safety Standards; Blueprint Reading; Arc Welding; MIG Welding; TIG Welding; WMS; Inventory Management; Logistics,62.5,WMS; Inventory Management; Logistics,670,
Medical Lab Technology,Automation in Labs; Digital Pathology Basics; Equipment Operation; LIS Software; Lab Testing; Quality Control; Safety; Sample Collection,Safety; Quality Control; Equipment Operation; Lab Testing; Sample Collection; Mechanical Systems; Equipment Maintenance; Electrical Systems,62.5,Mechanical Systems; Equipment Maintenance; Electrical Systems,426,
Full Stack Development,AWS Basics; Docker; Git; GraphQL; HTML/CSS; JavaScript; MongoDB; Node.js; REST API; React; TypeScript,REST API; JavaScript; HTML/CSS; Git; SQL; Docker; Python; MongoDB,75.0,SQL; Python,609,
Food Processing,Automation in Processing; Cold Chain Management; Export Standards; Food Safety; Hygiene Standards; Packaging; Processing Operations; Quality Testing,,,,0,No matching job postings found for this course's skills
